rownumber,P_stat,P_opt,util_stat,util_opt,inflows_stat,outflows_stat,inflows_opt,outflows_opt
1,6.07918317946429,5.89762074047908,0.16298332529214,0.166311430973187,27.4393298969862,61.4497129967758,29.5692773465356,62.0926874959304
2,7.56452918858473,7.46714111594484,0.140880881018818,0.142103166350701,34.3062474308041,16.7918608904011,33.3506539099154,15.2378227063909
3,7.99156094418217,8.22646387569854,0.135816411153097,0.133218497419923,15.3445132040288,3.82441143542543,12.8982927108097,3.09582455023693
4,6.18494074480827,6.00926995193376,0.16112006636133,0.164245010336779,33.7451185965441,60.1939149808214,42.1045487392341,66.4300978320593
5,5.67040217656837,5.53309920137578,0.170725117059618,0.173537907496941,41.2259761770778,121.810003429742,47.1264486474979,126.88975842547
6,8.15645729593614,7.86868558793388,0.133979684181391,0.137226672506183,17.4327224034023,4.01168881346708,19.5584468813766,4.80240781906017
7,7.88655463555655,7.7311232946966,0.137019312260324,0.13884969431438,11.5355767868173,3.17604575494921,10.8991396306029,2.24893327524921
