rownumber,P_stat,P_opt,util_stat,util_opt,inflows_stat,outflows_stat,inflows_opt,outflows_opt
1,24.1734726663673,24.1223573366056,0.0649352671491668,0.065026966768242,12.2875970859229,36.1191089585134,13.9245538206498,38.0573427677914
2,35.8966865608337,34.7419484797761,0.0498888797795426,0.0509883016281282,21.8083481923158,3.49848393661661,23.1647839013656,3.53589387971152
3,39.0154452119892,40.3908762093038,0.047193510411719,0.0461159483957371,11.05934656005,0.46639276353486,9.7233585813497,0
4,24.724871172711,24.4186684871734,0.0639662124192973,0.0644998455960103,12.024234465031,14.2993724443808,12.6160962129835,14.5397964735711
5,20.594469462684,20.8215902151647,0.0722558346179206,0.0717294329484185,9.51466240297371,62.1274443200434,9.84001846464964,67.5969087990838
6,40.2696610305195,35.9958236205524,0.0462084440389878,0.0497972374836081,12.3509002621437,0,17.1950783362428,1.30637287360343
7,38.2327306919665,35.0833890842407,0.0478354410330405,0.0506569418070837,8.56927918860404,1.06979276721269,9.47931930495291,0.320183280246506
