rownumber,P_stat,P_opt,util_stat,util_opt,inflows_stat,outflows_stat,inflows_opt,outflows_opt
1,1.75544458389526,1.76362094381027,0.00244736343746454,0.00234712033589156,11.8488842522127,28.9135313549502,15.645950108389,35.8336623043426
2,2.09040924947575,2.08835675859551,0.000508277306438486,0.000512790954309995,10.6432522946635,5.150571731179,8.03019871384867,2.49283962095219
3,2.13633912099297,2.18455814435498,0.000417975517397364,0.00034190866655214,3.98524728013098,2.00598448079805,2.4066651141898,1.53393054001031
4,1.78304231016909,1.77398238746739,0.00212680535984718,0.00222658280743777,10.7293825337562,10.215822647062,14.0480026220998,11.3287510788448
5,1.70118319776192,1.69923211029986,0.00324655543847749,0.00328025969753179,15.4652946752412,22.1687470731251,17.2588751193145,22.2672708968343
6,2.15515565888146,2.14469013407128,0.000386255607159314,0.000403553946954267,4.16518338948703,1.72592171163976,5.1003299092962,2.37419346514858
7,2.12425065127383,2.11495624866467,0.000439876483251665,0.000457583225750691,3.32082265540885,1.92828945049975,2.88423343640039,1.33753028518492
