rownumber,P_stat,P_opt,util_stat,util_opt,inflows_stat,outflows_stat,inflows_opt,outflows_opt
1,1.755450867166,1.76362078570525,0.00244728460014416,0.00234712222962336,11.8480952845883,28.9099232079904,15.645734662127,35.8328407616622
2,2.09035683354418,2.08834962680891,0.000508392023937366,0.000512806715315752,10.6422639653909,5.15063959317541,8.03013334357264,2.4930784046371
3,2.13636368453541,2.1845340513683,0.000417932267090628,0.000341942605908319,3.98692532279366,2.00742345232361,2.40716006707207,1.53449432227618
4,1.78303366286433,1.77398329167572,0.0021268981923166,0.00222657259335309,10.7304248551083,10.2143938542417,14.0478300380499,11.3285178621971
5,1.70116571305761,1.69923158657837,0.00324685576581016,0.00328026879664555,15.4672161215475,22.171594207028,17.2592423183257,22.2674794388172
6,2.15515219323502,2.14466285641472,0.000386261197347258,0.000403600144002866,4.16621546420935,1.72859613322668,5.10045024098974,2.3747030308106
7,2.12416950936726,2.11495946964607,0.000440027733344901,0.000457576953893995,3.32147035912473,1.93069030955837,2.88430456507628,1.33752521163231
