rownumber,P_stat,P_opt,util_stat,util_opt,inflows_stat,outflows_stat,inflows_opt,outflows_opt
1,2.43611629324514,2.36867802027681,0.299852713463216,0.305517417359615,42.5891929620225,204.782448582214,54.2397545917743,218.334677962398
2,2.57316102086794,2.43252532628927,0.28910927076491,0.300147741959781,89.226784460687,245.031714401103,110.191802256401,264.079593650612
3,3.51292293005498,3.30984431673702,0.234924104256294,0.244437753198442,82.9390978033473,56.3806322522933,83.4010432944195,53.685182071846
4,3.37717019289101,3.23777852355128,0.241178188711941,0.248051525464675,115.480716842873,108.16088424269,128.651075246068,115.817168035059
5,2.95545226450204,2.79613383149791,0.26360725664176,0.273527727967071,51.7430279918822,89.3776079351844,57.2505059849598,91.658149635169
6,2.60084239668934,2.50890575219677,0.287054242707041,0.294024664264009,75.9573933996683,258.752327226397,104.706113116781,289.330853925967
7,3.59375905307723,3.8194081545418,0.231387924286832,0.222182208942261,48.3305836032535,16.2616063497108,32.0253030630123,4.47686377727285
8,2.44314470813883,2.36170303569613,0.299277361804959,0.306118659115771,59.4562860625518,224.07756978291,69.3093483427023,234.247230153058
