rownumber,P_stat,P_opt,util_stat,util_opt,inflows_stat,outflows_stat,inflows_opt,outflows_opt
1,7.66121569379741,7.84912370952697,0.139693071916325,0.137454578854512,10.9721941590464,70.3372540437766,21.5128753041679,98.7754383553057
2,8.45035606399622,8.38614558657218,0.130854899543386,0.131521997398021,20.7315040644308,80.5733971026753,36.2546403463068,104.055332763145
3,17.8749366807081,16.2309664578586,0.0794103273288312,0.0846857635071238,39.7621688807647,7.58075671971543,46.8585314863233,8.26682715579297
4,16.5827052481213,15.8842444154165,0.0834839661483971,0.0859136730718185,47.5716361654321,12.0685570711844,49.5347167229288,10.0310531889171
5,12.8105782248372,12.7303007892297,0.0991579422799841,0.0995743661959279,10.6048855032748,15.7559017227519,9.74479980938715,14.8419773920615
6,8.70727115788916,8.54131649725308,0.128268086119293,0.129924219824433,6.26518993622845,55.6733978564232,5.91651247491973,47.8572780660902
7,21.5978572010704,21.7837380073547,0.070000243479559,0.0696014665861741,30.3483169735859,0,29.6609272666681,0
8,8.44490215589483,8.4575915304423,0.130911232842708,0.130780258019244,2.64747425753256,25.197131901917,2.08749756008395,25.3268513020296
