rownumber,P_stat,P_opt,util_stat,util_opt,inflows_stat,outflows_stat,inflows_opt,outflows_opt
1,1.44569289380363,1.4459018449871,0.0140442376052838,0.0140259820238746,10.4245966251415,29.0909227851358,25.3990784746624,58.166232240583
2,1.48978818786614,1.48551370411608,0.0107167190662208,0.0109974658376998,29.5726838331834,45.9676208270344,56.6263362195028,70.2656995060737
3,2.00031017917352,1.96427300919024,0.000755625281531398,0.000889950687737035,20.019080639819,16.1028738374792,18.5211554820412,13.2800735974007
4,1.77437398701959,1.76756374079199,0.0022221641022875,0.00230041837983973,20.2989025622995,25.2917652502899,21.9619852016502,28.0696763326316
5,1.59891717410064,1.59831878515893,0.00567216530315335,0.00569130618757074,5.90871051755183,8.01245967983157,4.94588075737232,7.91906399368324
6,1.47880991522204,1.47550549341383,0.0114543750945448,0.0116873246552126,7.26422051296345,15.3626976045489,7.53474510131408,10.3677854163069
7,1.89838522315798,1.95739370648159,0.00120982758490343,0.000918499441133367,8.4843528747616,0.984323064371854,2.45115481664462,0.35353378678379
8,1.48850954239677,1.48899763547529,0.0107998562975712,0.0107680363292445,4.84961215004659,3.85679794432312,3.42821165641705,1.07189354061909
