rownumber,P_stat,P_opt,util_stat,util_opt,inflows_stat,outflows_stat,inflows_opt,outflows_opt
1,1.44569320950013,1.44590131069562,0.0140442100037049,0.014026028670049,10.4251715566937,29.0904262413133,25.3990861466973,58.1647467465367
2,1.48978801045786,1.48551310279792,0.0107167305518284,0.0109975059025636,29.5722191275904,45.9711619326572,56.6247839396131,70.2631907003751
3,2.00032042845455,1.96426250642184,0.000755590437056845,0.000889993515165983,20.0194540569129,16.1024114858411,18.5206872331695,13.2802498127522
4,1.77437822835841,1.76755627439962,0.00222211629751545,0.00230050583677125,20.2995122269499,25.2908720765828,21.9615190222854,28.0689115770854
5,1.59891525751539,1.59831995850764,0.00567222649536708,0.00569126858508439,5.9085095973869,8.01227210287299,4.94621467243249,7.91902804430504
6,1.47881035440036,1.47550703125167,0.0114543444790132,0.01168721502631,7.26366943376539,15.3626531093576,7.53531431119373,10.3674339365298
7,1.89837401952559,1.95740336769296,0.00120989184676659,0.000918458640764977,8.48441220693045,0.984132516138356,2.45087370024144,0.35363191232858
8,1.48850908996742,1.4889972671145,0.0107998858409591,0.0107680603042631,4.84934117465573,3.8566838099198,3.42762659651103,1.07202760432884
