rownumber,P_stat,P_opt,util_stat,util_opt,inflows_stat,outflows_stat,inflows_opt,outflows_opt
1,1.45293052721495,1.45294396803027,0.0134269986846678,0.013425880838266,1.34734840667537,1.45150113652108,0.585492055863268,0.84710203667563
2,1.40212818303823,1.40214344088136,0.0184966515768928,0.0184948401641339,0.0108035156862774,2.25162371404069,0.0020128805981256,2.72951934013163
3,1.49677156282997,1.49679208667677,0.010275024693918,0.0102737567534893,0.600767271031363,0.44015409142292,0.0913349683017109,0.056008744643157
4,1.52395125091861,1.52346849409207,0.00873862116309434,0.00876357463060527,4.15778571457507,0.00610475012273675,6.47768990273662,0.00779587969057926
5,1.40190199249266,1.40203974693054,0.0185235280774667,0.0185071546042615,0.00534411923869175,2.13619342057014,0.00270968037888502,3.76499833185515
