rownumber,P_stat,P_opt,util_stat,util_opt,inflows_stat,outflows_stat,inflows_opt,outflows_opt
1,7.0821529351016,7.08477782488708,0.147207451334588,0.14717108913109,6.09515651605531,7.11687660740673,2.32265178026702,4.41358857287547
2,5.7268892673199,5.72887210762328,0.169600633574293,0.169561497264092,0,12.8712500206357,0.0488078667381419,15.5727909611228
3,8.45795458986296,8.46020432617496,0.130776515479689,0.130753330403984,2.70906771299701,1.80501500070688,0.869790976257208,0.549329296539134
4,9.30900023218854,9.22727345004828,0.122679303069433,0.12340262559972,19.5674843014128,0.0182329731341897,30.2926814035196,0.132657349030905
5,5.73363826401423,5.75236552167693,0.169467517539176,0.169099508196869,0.0620814726830879,12.0102191101729,0.0906108125605259,20.9225402038805
