rownumber,P_stat,P_opt,util_stat,util_opt,inflows_stat,outflows_stat,inflows_opt,outflows_opt
1,1.45291963142415,1.45294093577801,0.0134279049422385,0.0134261330157405,1.38297478078962,1.44960845000157,0.581935558614548,0.849324254520205
2,1.40211764459581,1.40214157586081,0.0184979028169938,0.0184950615689973,0.00991426405645444,2.27218909827417,5.8204960222375e-07,2.73167901646083
3,1.49676408045879,1.49678955404956,0.0102754869897354,0.0102739132069784,0.599024932723465,0.459744445676202,0.0903337680487418,0.0558327962380711
4,1.52393955483389,1.52346292647441,0.00873922479407016,0.00876386287950713,4.18730648172862,0.00317615539737631,6.48130289973752,0.00673170195424754
5,1.40189324416333,1.40203660475557,0.0185245684460736,0.0185075279034689,0,2.15804957537858,0.00814398553303833,3.76432805382643
