rownumber,P_stat,P_opt,util_stat,util_opt,inflows_stat,outflows_stat,inflows_opt,outflows_opt
1,2.08010819688692,2.07359954718646,0.333157333376686,0.333854115803435,210.715119268555,772.203064492607,213.489497177601,776.276819411505
2,1.96622982577189,1.94991430173074,0.345899930267149,0.34782674915316,203.946691204452,879.538113656386,211.978706882389,892.728978652865
3,2.40582148614867,2.43639923452388,0.302364681868467,0.299829498233362,105.569244427577,414.438207826803,98.6323067275965,407.243981728705
4,2.32833568365452,2.32124016720493,0.309036373040921,0.30966582307307,202.881468430701,494.325774556745,208.429349394109,500.083668722887
5,1.93309350330285,1.92041575758357,0.349841575395664,0.351379553791578,141.229065630979,829.83843935979,144.536070384893,834.390653012996
