"ID","rownumber","x","y","productivity","rugg","pop"
37012,1,57.75,-20.25,0.307067854363352,1339.051425,804318.055748817
