"ID","rownumber","x","y","productivity","rugg","pop"
36605,1,55.75,-21.25,0.511196623690316,2790.435,226762.405827701
