"ID","rownumber","x","y","productivity","rugg","pop"
33732,1,43.25,-11.75,0.0697609193745376,572.91425,324346.469068632
