"ID","rownumber","x","y","productivity","rugg","pop"
18950,1,-23.75,15.25,0.245375794893345,19.75,105809.377192199
