"ID","rownumber","x","y","productivity","rugg","pop"
19063,1,-16.25,13.25,0.0196864308761662,1020.44925,187382.592709417
19117,2,-15.25,13.75,0.0113421422141673,576.1443,248138.425465107
